#{"t_start": 1771135258.8652782, "env_id": "ForestFireMLP-v22"}
r,l,t
-488.93,236,12.017802
-499.75,175,20.121706
